{
  "framework": "react-classes-v19.0.0-keyed",
  "keyed": true,
  "benchmark": "04_select1k",
  "type": "cpu",
  "values": {
    "total": {
      "min": 12,
      "max": 17.1,
      "median": 12.7,
      "mean": 13.22307692307692,
      "stddev": 1.390535775731694,
      "values": [
        12.5, 13.8, 12.2, 13.1, 13.5, 12.7, 12.3, 12, 17.1, 12.3, 13.2, 12.5,
        14.7
      ]
    },
    "script": {
      "min": 6.3,
      "max": 8.6,
      "median": 6.6,
      "mean": 7.115384615384615,
      "stddev": 0.7998397275352042,
      "values": [6.3, 8, 6.5, 7.8, 8.2, 6.5, 6.6, 6.4, 7.3, 6.6, 7.3, 6.4, 8.6]
    },
    "paint": {
      "min": 4.3,
      "max": 7.6,
      "median": 5,
      "mean": 5.084615384615384,
      "stddev": 0.8355099778440249,
      "values": [5.5, 4.4, 4.8, 4.3, 4.7, 5, 5.1, 4.7, 7.6, 5, 4.5, 5.3, 5.2]
    }
  }
}
